https://res.cloudinary.com/teepublic/image/private/s--lFiQrx9j--/t_Preview/b_rgb:484849,c_limit,f_jpg,h_630,q_90,w_630/v1511879015/production/designs/2113535_1.jpg
https://res.cloudinary.com/teepublic/image/private/s--bMNJ-v5V--/t_Preview/b_rgb:0f7b47,c_limit,f_jpg,h_630,q_90,w_630/v1492965586/production/designs/1509279_1.jpg
https://i.ebayimg.com/images/g/fSkAAOSwVA5aJnIq/s-l300.jpg
https://i.pinimg.com/736x/65/c2/11/65c211c2e3d902c3293e3ad285a1eefb.jpg
https://render.fineartamerica.com/images/rendered/default/canvas-print/7.625/8.000/mirror/break/images/artworkimages/medium/1/roronoa-zoro-one-piece-anime-aditya-sena-canvas-print.jpg
https://gothamotaku.com/wp-content/uploads/2018/12/ESTATU1.jpg
https://images-na.ssl-images-amazon.com/images/I/41W%2BB4m3WTL.jpg
https://media1.tenor.com/images/22f2176c56e77b188be51d1f865ec640/tenor.gif?itemid=9225771
https://dianime.zefiro-japan.com/wp-content/uploads/2018/03/Puzzle-One-Piece.-Roronoa-Zoro.-Frontal.-e1522238929140.jpg
https://i.ebayimg.com/images/g/lWcAAOSwHwhbSzLX/s-l300.jpg
https://render.fineartamerica.com/images/rendered/default/poster/8/10/break/images/artworkimages/medium/1/zoro-santoryu-one-piece-aditya-sena.jpg
https://s1.thcdn.com/productimg/1600/1600/11520648-3584532226519573.png
https://http2.mlstatic.com/roronoa-zoro-one-piece-figura-anime-dxf-D_NQ_NP_787522-MLM27388775694_052018-F.jpg
https://www.lacasadelfriki.es/10718-19743-thickbox_default/figura-roronoa-zoro-one-piece-memory-banpresto.jpg
https://i.pinimg.com/originals/24/7d/0e/247d0ec5aee68c131efe2c39fa9e4693.jpg
https://ih0.redbubble.net/image.24119160.1357/flat,550x550,075,f.jpg
https://images-wixmp-ed30a86b8c4ca887773594c2.wixmp.com/f/ff6c18d3-19f1-47ca-b1a2-b536c669b726/d9t3llk-4973ced7-1700-43af-a7c4-34dd485296f7.jpg?token=eyJ0eXAiOiJKV1QiLCJhbGciOiJIUzI1NiJ9.eyJzdWIiOiJ1cm46YXBwOjdlMGQxODg5ODIyNjQzNzNhNWYwZDQxNWVhMGQyNmUwIiwiaXNzIjoidXJuOmFwcDo3ZTBkMTg4OTgyMjY0MzczYTVmMGQ0MTVlYTBkMjZlMCIsIm9iaiI6W1t7InBhdGgiOiJcL2ZcL2ZmNmMxOGQzLTE5ZjEtNDdjYS1iMWEyLWI1MzZjNjY5YjcyNlwvZDl0M2xsay00OTczY2VkNy0xNzAwLTQzYWYtYTdjNC0zNGRkNDg1Mjk2ZjcuanBnIn1dXSwiYXVkIjpbInVybjpzZXJ2aWNlOmZpbGUuZG93bmxvYWQiXX0.0zNnrzFXb9VJmmfO4ds8nDk-MInnWErMroGMpGtjVQM
https://vignette.wikia.nocookie.net/onepiece/images/5/56/Roronoa_Zoro_Anime_Dos_A%C3%B1os_Despu%C3%A9s_Infobox.png/revision/latest?cb=20130106193654&path-prefix=es
https://cheapanimefigures.store/wp-content/uploads/2019/01/2018-Fete-in-Spring-Vinsmoke-Sanji-Roronoa-Zoro-One-Piece-Anime-Action-Figure-PVC-Collection-Model.jpg_640x640-65.jpg
https://res.cloudinary.com/teepublic/image/private/s--5b6ZCff9--/t_Preview/b_rgb:fffffe,c_limit,f_jpg,h_630,q_90,w_630/v1511879015/production/designs/2113535_1.jpg
https://www.dhresource.com/0x0s/f2-albu-g7-M01-B6-D5-rBVaSlpfJq2AC5MBAACQwER2Ons636.jpg/one-piece-zoro-figura-shf-pvc-18cm-figuras.jpg
https://banner2.kisspng.com/20180403/hxq/kisspng-roronoa-zoro-one-piece-treasure-cruise-monkey-d-l-zoro-5ac36fb704abf2.7051061015227575590192.jpg
https://render.fineartamerica.com/images/rendered/default/print/7.625/8.000/break/images/artworkimages/medium/1/roronoa-zoro-one-piece-anime-aditya-sena.jpg
https://ih0.redbubble.net/image.484131621.0972/flat,550x550,075,f.jpg
https://www-s.mlo.me/upen/v/201111/20111130/One-Piece-Roronoa-Zoro-Cosplay-Costume-4358-0.jpg
https://i.pinimg.com/originals/a7/19/30/a7193047f7fc0d462055d9bfb320b8bf.jpg
https://cdn.shopify.com/s/files/1/1158/2192/products/One-Piece-Roronoa-Zoro-Decal_1024x1024.jpg?v=1455439298
https://mykombini-ab5a.kxcdn.com/46566-thickbox/figuarts-zero-roronoa-zoro-one-piece-20th-anniversary-ver-bandai.jpg
https://i.ebayimg.com/images/g/ODoAAOSw~gRVlb~R/s-l300.jpg
https://gaminguardian.com/wp-content/uploads/2018/04/roronoa-zoro-one-piece-14072-1920x1200.jpg
https://banner2.kisspng.com/20180505/vge/kisspng-roronoa-zoro-monkey-d-luffy-usopp-zorro-one-piece-5aed9699b3d2b1.0042076415255200257366.jpg
https://http2.mlstatic.com/one-piece-roronoa-zoro-cosplay-D_NQ_NP_863554-MLA27854314895_072018-F.jpg
https://elenanofriki.com/3737-large_default/llavero-zoro-one-piece.jpg
https://res.cloudinary.com/teepublic/image/private/s--_h6RkNxP--/t_Resized%20Artwork/c_fit,g_north_west,h_954,w_954/co_484849,e_outline:48/co_484849,e_outline:inner_fill:48/co_ffffff,e_outline:48/co_ffffff,e_outline:inner_fill:48/co_bbbbbb,e_outline:3:1000/c_mpad,g_center,h_1260,w_1260/b_rgb:eeeeee/c_limit,f_jpg,h_630,q_90,w_630/v1511879015/production/designs/2113535_1.jpg
https://images-na.ssl-images-amazon.com/images/I/51UotcoVneL._SX425_.jpg
https://www.kamekame.es/82-large_default/figura-funko-pop-one-piece-roronoa-zoro-327.jpg
https://cdn.shopify.com/s/files/1/1097/6170/products/TOOFUN_TFMAX001_Zoro_01_66173cf8-d7ba-44c6-b383-52fe66be69e4_1024x1024.jpg?v=1539160296
https://banner2.kisspng.com/20180328/udw/kisspng-roronoa-zoro-one-piece-unlimited-world-red-monkey-one-piece-5abbfe79bf5da7.7097259715222698177838.jpg
https://i.ebayimg.com/images/g/NKQAAOSw-vlVhIte/s-l300.jpg
https://ih0.redbubble.net/image.351163160.5958/sn,x1313-bg,f8f8f8.u1.jpg
https://www.dhresource.com/0x0s/f2-albu-g4-M01-34-11-rBVaEFm159OAC1NqAAFpPIK9lI0096.jpg/one-piece-luffy-roronoa-zoro-sanji-chopper.jpg
https://www.frikgamer.com/uploaded_images/5888418531375.jpg
https://http2.mlstatic.com/llavero-one-piece-luffy-zoro-chopper-D_NQ_NP_781508-MLA28639517569_112018-F.jpg
https://image.spreadshirtmedia.com/image-server/v1/mp/compositions/T375A1MPA518PT17X27Y2D1100113261S21/views/1,width=1200,height=630,appearanceId=1,backgroundColor=F2F2F2,version=1476820656/one-piece-zoro-logo-baby-lap-shoulder-t-shirt.jpg
https://i.pinimg.com/originals/eb/f8/92/ebf892e15f3a5892d2b8ba5bfc18247c.jpg
https://www.espadasyartedetoledo.com/image/cache/data/productos/art-toledo/katanas/katanas-de-cine-comic-manga/mini-katana-sandai-kitetsu-de-roronoa-zoro-one-piece/mini-katana-sandai-kitetsu-de-roronoa-zoro-one-piece-cod-s2206-n1-500x500.jpg
https://image.dhgate.com/0x0s/f2-albu-g5-M00-18-63-rBVaI1nIvaiAJTGDAAIhrGaCoys654.jpg/roronoa-zoro-one-piece-the-straw-hat-pirates.jpg
http://pm1.narvii.com/7093/4c0507cdb92180642c29797da487ea00b3e3529dr1-372-512v2_uhq.jpg
https://lafrikileria.com/28818-large_default/figura-zoro-one-piece-13-cm-banpresto-scultures.jpg
https://i.ytimg.com/vi/BTAG57PdGeQ/maxresdefault.jpg
https://figuya.com/uploads/product/profile_picture/9104/profile_Lorenor_Zorro_-_One_Piece_Ochatomo_-_Pirates_Party_vorschau.jpg20170610-23532-1c7y81p
https://images-wixmp-ed30a86b8c4ca887773594c2.wixmp.com/f/5ce98647-5975-4f7f-bd09-0ed719433ee1/d8hn8oj-4cc8161c-d6c2-4aa4-a78a-9a4524e99c44.jpg?token=eyJ0eXAiOiJKV1QiLCJhbGciOiJIUzI1NiJ9.eyJzdWIiOiJ1cm46YXBwOjdlMGQxODg5ODIyNjQzNzNhNWYwZDQxNWVhMGQyNmUwIiwiaXNzIjoidXJuOmFwcDo3ZTBkMTg4OTgyMjY0MzczYTVmMGQ0MTVlYTBkMjZlMCIsIm9iaiI6W1t7InBhdGgiOiJcL2ZcLzVjZTk4NjQ3LTU5NzUtNGY3Zi1iZDA5LTBlZDcxOTQzM2VlMVwvZDhobjhvai00Y2M4MTYxYy1kNmMyLTRhYTQtYTc4YS05YTQ1MjRlOTljNDQuanBnIn1dXSwiYXVkIjpbInVybjpzZXJ2aWNlOmZpbGUuZG93bmxvYWQiXX0.WZ-y1jEZ6Vqo6SUX90aMigllJDVLxFboXsUw0kbQcNc
https://i.pinimg.com/originals/b3/37/d7/b337d7735e1c31708fafb107984b3745.jpg
https://hanabicomics.es/wp-content/uploads/2017/12/zoro.jpg
https://www.dhresource.com/0x0s/f2-albu-g6-M01-7F-31-rBVaSFugVVGAK77LAAEEDv447qo141.jpg/sentado-roronoa-zoro-figura-de-juguete-de.jpg
https://images.fineartamerica.com/images/artworkimages/medium/1/roronoa-zoro-one-piece-anime-aditya-sena-transparent.png
http://www.wofbcn.com/server/Portal_0022213/img/products/figura-one-piece-zoro-mugiwara-wcf_7085595.jpg
https://cdn.shopify.com/s/files/1/1673/0883/products/One_Piece_Zoro_Roronoa_Anime_Cosplay_Wig_4_1800x.png?v=1504603231
https://fsa.zobj.net/crop.php?r=aUecTy1gFp6qgJz0lK06P6UboNPbRHeP1ypeQa2pMnPNE4195nHccZNKjZSf4JQpeezj4tD6umYR-HPvGWPuS_zKOkMkpaMlfJjECOJOwmX7lPei6nJKDb2RZ2aOrrA-68GpyorS29mtWAb8dfsq5hlIkW1KPpW5m4iwB0jlXnfJlaEG2quIPJNJJ-U
https://66.media.tumblr.com/39cb3386b0044c7ea15b93a7fe0fbe50/tumblr_pc27rbjKDl1wremk2o1_400.png
https://i.ytimg.com/vi/qK6LfX2q8wo/maxresdefault.jpg
https://res.cloudinary.com/teepublic/image/private/s--RJSeQd78--/t_Resized%20Artwork/c_fit,g_north_west,h_954,w_954/co_0f7b47,e_outline:48/co_0f7b47,e_outline:inner_fill:48/co_ffffff,e_outline:48/co_ffffff,e_outline:inner_fill:48/co_bbbbbb,e_outline:3:1000/c_mpad,g_center,h_1260,w_1260/b_rgb:eeeeee/c_limit,f_jpg,h_630,q_90,w_630/v1526983164/production/designs/2712750_1.jpg
https://www.alfabetajuega.com/wp-content/uploads/2018/12/THP3d05SFhdRvLOKLs2gqUFz0THCvIe10gufubJGDV2XdWQOGjgCmk-Xv-oy3g6M21K3R8wYyhaR0M0QRFLeYNqxapvtOaPp9x4Jsobz_SceFvi7_UfatJIpyrAfatOfwKREk3LIUzatcBCAth43Lg.png
https://img7.uhdpixel.com/wp/7s/7/roronoa-zoro-one-piece-s7737-197x111.jpg
https://www.dhresource.com/0x0s/f2-albu-g7-M00-66-C4-rBVaSltERZKAcBsNAAL0v6HCAxY956.jpg/anime-one-piece-roronoa-zoro-led-figuarts.jpg
http://mmm.vistoenpantalla.com/imagenes-productos/llavero-roronoa-zoro-one-piece-large2.jpg
https://lookaside.fbsbx.com/lookaside/crawler/media/?media_id=182340505836864
https://http2.mlstatic.com/katana-de-roronoa-zoro-sandai-kitetsu-de-one-piece-D_NQ_NP_762611-MLM20601367701_022016-F.jpg
https://i.pinimg.com/originals/91/45/64/9145643be8463f6d14673ba327baeef4.jpg
https://images-wixmp-ed30a86b8c4ca887773594c2.wixmp.com/f/4f7d608b-cd1a-445c-9e70-17122c8d9e1e/dchqwwv-c116467f-a765-464d-a6b8-c4ddceb71432.png/v1/fill/w_1132,h_706,q_70,strp/luffy_and_zoro__one_piece_ch__912__by_fanalishiro_dchqwwv-pre.jpg?token=eyJ0eXAiOiJKV1QiLCJhbGciOiJIUzI1NiJ9.eyJzdWIiOiJ1cm46YXBwOjdlMGQxODg5ODIyNjQzNzNhNWYwZDQxNWVhMGQyNmUwIiwiaXNzIjoidXJuOmFwcDo3ZTBkMTg4OTgyMjY0MzczYTVmMGQ0MTVlYTBkMjZlMCIsIm9iaiI6W1t7ImhlaWdodCI6Ijw9OTk4IiwicGF0aCI6IlwvZlwvNGY3ZDYwOGItY2QxYS00NDVjLTllNzAtMTcxMjJjOGQ5ZTFlXC9kY2hxd3d2LWMxMTY0NjdmLWE3NjUtNDY0ZC1hNmI4LWM0ZGRjZWI3MTQzMi5wbmciLCJ3aWR0aCI6Ijw9MTYwMCJ9XV0sImF1ZCI6WyJ1cm46c2VydmljZTppbWFnZS5vcGVyYXRpb25zIl19.V5CiVvUzur0dzMPULGcknYXKY3Je7184BREUkp-2bjw
http://mmm.vistoenpantalla.com/imagenes-productos/figura-roronoa-zoro-onepiece-kingsofarti-large2.jpg
https://vignette.wikia.nocookie.net/onepiecetreasurecruiseglobal/images/6/64/C1362.png/revision/latest?cb=20170521130208
https://pbs.twimg.com/media/Dii90JxUwAAzpRY.png
https://cloud10.todocoleccion.online/comics-merchandising/tc/2016/03/05/23/54850800.jpg
https://i.redd.it/ffwxo4wy0jry.jpg
https://assets.saatchiart.com/saatchi/826102/art/3674732/2744617-LGKPHIEG-7.jpg
https://sc01.alicdn.com/kf/HT1TRZMFF4cXXagOFbXW/888310/HT1TRZMFF4cXXagOFbXW.jpg
https://images.fineartamerica.com/images/artworkimages/mediumlarge/2/zoro-one-piece-anime-ihab-design.jpg
https://figuya.com/uploads/product/profile_picture/10332/profile_one-piece-pop-animation-vinyl-figur-zoro-9-cm20171116-30202-sjpcot
https://media.comicbook.com/2018/08/one-piece-zoro-1130655-1280x0.jpeg
https://image.spreadshirtmedia.com/image-server/v1/compositions/1100166674/views/1,width=650,height=650,appearanceId=92,version=1543820067.jpg
https://images-na.ssl-images-amazon.com/images/I/511KfynF4jL.jpg
http://otakukart.net/wp-content/uploads/2018/07/zoro-one-piece-1125987-640x320.jpeg
https://ae01.alicdn.com/kf/HTB151oyJpXXXXcuXpXXq6xXFXXXJ/P1117-One-Piece-Roronoa-Zoro-Anime-Wallpaper-Poster-Wall-Art-for-Home-Decor-Canvas-Printings-24x31inch.jpg_640x640.jpg
https://www.tacticwars.com/files/prd/920/2686.JPG
https://img1.wantitall.co.za/prodimages/one-piece-action-figure-roronoa-zoro-led-light-figuarts-zero-model-toy-200mm-pvc-toy-one-piece-anime__51UYBAI0ZXL.jpg
http://moe.animecharactersdatabase.com/uploads/chars/10365-1132866961.jpg
https://areajugones.sport.es/wp-content/uploads/2018/02/zoro-one-piece-soulcalibur-VI-810x400.jpg
https://honeysanime.com/wp-content/uploads/2016/10/Zoro-One-Piece-wallpaper-560x410.jpg
https://vignette.wikia.nocookie.net/onepiecetreasurecruiseglobal/images/c/c4/C0005.png/revision/latest?cb=20151102191330
https://cdnb.artstation.com/p/assets/images/images/008/847/839/large/evan-scale-roronoa-zoro.jpg?1515675196
https://multimedia.larepublica.pe/1200x660/larepublica/imagen/2019/04/04/noticia-1554384987-zoro-one-piece-live-action-foto.png
https://http2.mlstatic.com/figura-roronoa-zoro-one-piece-miltienda-D_NQ_NP_980668-MLA28775664011_112018-F.jpg
https://www.alfabetajuega.com/wp-content/uploads/2019/04/zoro-one-piece-espadas.jpg
https://a.wattpad.com/cover/30110921-352-k578184.jpg
https://cdn.shopify.com/s/files/1/2590/9502/products/zoro-one-piece-car-mats-gearkinda_327.jpg?v=1542521582
https://res.cloudinary.com/teepublic/image/private/s--RI39qOPF--/t_Resized%20Artwork/c_fit,g_north_west,h_954,w_954/co_0f7b47,e_outline:48/co_0f7b47,e_outline:inner_fill:48/co_ffffff,e_outline:48/co_ffffff,e_outline:inner_fill:48/co_bbbbbb,e_outline:3:1000/c_mpad,g_center,h_1260,w_1260/b_rgb:eeeeee/c_limit,f_jpg,h_630,q_90,w_630/v1492965586/production/designs/1509279_1.jpg
https://images-na.ssl-images-amazon.com/images/I/61lO3E98XLL._SY606_.jpg
https://mikusanime.com/1635-large_default/figura-zoro-one-piece-26cm.jpg
https://i.ytimg.com/vi/hwD6ClswES0/maxresdefault.jpg